{
	"configs" : [
		{
			"remarks" : "207.148.89.76",
			"id" : "55CBE775ADD5A822152654A3FD608FFB",
			"server" : "207.148.89.76",
			"server_port" : 4310,
			"server_udp_port" : 0,
			"password" : "flzx3qc,ysyhl9t",
			"method" : "rc4",
			"protocol" : "origin",
			"protocolparam" : "",
			"obfs" : "plain",
			"obfsparam" : "",
			"remarks_base64" : "MjA3LjE0OC44OS43Ng",
			"group" : "",
			"enable" : true,
			"udp_over_tcp" : false
		}
	],
	"index" : 0,
	"random" : true,
	"sysProxyMode" : 1,
	"shareOverLan" : false,
	"localPort" : 1080,
	"localAuthPassword" : "U4XUNS07LLdtY3m6tOOv",
	"dnsServer" : "",
	"reconnectTimes" : 2,
	"randomAlgorithm" : 3,
	"randomInGroup" : false,
	"TTL" : 0,
	"connectTimeout" : 5,
	"proxyRuleMode" : 2,
	"proxyEnable" : false,
	"pacDirectGoProxy" : false,
	"proxyType" : 0,
	"proxyHost" : null,
	"proxyPort" : 0,
	"proxyAuthUser" : null,
	"proxyAuthPass" : null,
	"proxyUserAgent" : null,
	"authUser" : null,
	"authPass" : null,
	"autoBan" : false,
	"sameHostForSameTarget" : false,
	"keepVisitTime" : 180,
	"isHideTips" : true,
	"nodeFeedAutoUpdate" : true,
	"serverSubscribes" : [

	],
	"token" : {

	},
	"portMap" : {

	}
}